{"count":1,"self":1085.7913343999999,"total":1946.8877822999998,"children":{"InitializeActuators":{"count":16,"self":0.0020135,"total":0.0020135,"children":null},"InitializeSensors":{"count":16,"self":0.0050060999999999994,"total":0.0050060999999999994,"children":null},"AgentSendState":{"count":181631,"self":59.6511424,"total":83.7066904,"children":{"CollectObservations":{"count":581232,"self":2.9105168,"total":2.9105168999999997,"children":null},"WriteActionMask":{"count":581232,"self":1.2521046,"total":1.2521046,"children":null},"RequestDecision":{"count":581232,"self":4.9957512,"total":19.8929267,"children":{"AgentInfo.ToProto":{"count":581232,"self":3.2900472,"total":14.8971754,"children":{"GenerateSensorData":{"count":581232,"self":8.9036312,"total":11.6071283,"children":{"RayPerceptionSensor.Perceive":{"count":581232,"self":2.7034968,"total":2.7034968999999998,"children":null}}}}}}}}},"DecideAction":{"count":181631,"self":773.53052159999993,"total":773.5305032,"children":null},"AgentAct":{"count":181631,"self":3.7936395999999997,"total":3.7936395999999997,"children":null},"AgentInfo.ToProto":{"count":2680,"self":0.014745,"total":0.058618699999999996,"children":{"GenerateSensorData":{"count":2680,"self":0.030104899999999997,"total":0.043873699999999995,"children":{"RayPerceptionSensor.Perceive":{"count":2680,"self":0.0137688,"total":0.0137688,"children":null}}}}}},"gauges":{"GenericPlayer.CumulativeReward":{"count":2680,"max":1177.115,"min":-150.299973,"runningAverage":-50.105,"value":-143.199539,"weightedAverage":-75.445}},"metadata":{"timer_format_version":"0.1.0","start_time_seconds":"1684191917","unity_version":"2021.3.21f1","command_line_arguments":"C:\\Program Files\\Unity\\Hub\\Editor\\2021.3.21f1\\Editor\\Unity.exe -projectpath E:\\Unity Projects\\SoccerAI -useHub -hubIPC -cloudEnvironment production -licensingIpc LicenseClient-Tony -hubSessionId 76fc47a8-ef44-4f8a-84ce-e2a022949faa -accessToken TmviOAKMpfe5Qqp-9pPNn7KrxtUTrhtXSuos3r5mfDQ002f","communication_protocol_version":"1.5.0","com.unity.ml-agents_version":"2.2.1-exp.1","scene_name":"Stadium","end_time_seconds":"1684193864"}}